{
  "mass_1_source": {
    "abs_skew": 1.7602283277226896,
    "exkurt": 11.123781758740927,
    "gauss1d": 1.83318435410169,
    "kde1d": 1.631865839557315,
    "kde_minus_gauss": -0.20131851454437497,
    "overflow": 0.010641301181401067
  },
  "mass_2_source": {
    "abs_skew": 0.9250223428473705,
    "exkurt": 23.96882887085867,
    "gauss1d": 4.96616195509533,
    "kde1d": 3.901556411913676,
    "kde_minus_gauss": -1.0646055431816546,
    "overflow": 4.739044413621765
  },
  "a_1": {
    "abs_skew": 0.5426500648224459,
    "exkurt": 0.9914498288175884,
    "gauss1d": 0.2947510364811835,
    "kde1d": 0.2842438266765063,
    "kde_minus_gauss": -0.010507209804677191,
    "overflow": 0.01574881342796262
  },
  "a_2": {
    "abs_skew": 0.1424613005446855,
    "exkurt": -1.10739007547393,
    "gauss1d": 0.023269773515026047,
    "kde1d": 0.027127714714939306,
    "kde_minus_gauss": 0.0038579411999132584,
    "overflow": 0.02326915437415464
  },
  "tilt_1": {
    "abs_skew": 0.36864247551022,
    "exkurt": 0.12397985324073732,
    "gauss1d": 0.2590912477865766,
    "kde1d": 0.2782807535602237,
    "kde_minus_gauss": 0.019189505773647152,
    "overflow": 0.017777182671592368
  },
  "tilt_2": {
    "abs_skew": 0.20931956524398007,
    "exkurt": -0.5367417972052244,
    "gauss1d": 0.06170297744088855,
    "kde1d": 0.06572070996699088,
    "kde_minus_gauss": 0.004017732526102346,
    "overflow": 0.03264182152391956
  },
  "phi_12": {
    "abs_skew": 0.023908315640983408,
    "exkurt": -1.2110705826142287,
    "gauss1d": 0.0011909748951053065,
    "kde1d": 0.005871498063960187,
    "kde_minus_gauss": 0.00468052316885488,
    "overflow": 0.02837475148368372
  },
  "phi_jl": {
    "abs_skew": 0.11828525747750339,
    "exkurt": -0.9602346997459676,
    "gauss1d": 0.04646241512511464,
    "kde1d": 0.06911026123819815,
    "kde_minus_gauss": 0.022647846113083507,
    "overflow": 0.012073535832627942
  },
  "luminosity_distance": {
    "abs_skew": 1.1511575844262099,
    "exkurt": 37.5913204210838,
    "gauss1d": 7.697063828892546,
    "kde1d": 6.3711101506932,
    "kde_minus_gauss": -1.3259536781993477,
    "overflow": 16.594090794909416
  },
  "theta_jn": {
    "abs_skew": 0.4529282962748529,
    "exkurt": -0.09655317359906425,
    "gauss1d": 0.5680392088276813,
    "kde1d": 0.6869342126283153,
    "kde_minus_gauss": 0.11889500380063393,
    "overflow": 0.03363113936329745
  },
  "psi": {
    "abs_skew": 0.1311665794691673,
    "exkurt": -1.0800795831351615,
    "gauss1d": 0.02519327654158208,
    "kde1d": 0.05175016084785477,
    "kde_minus_gauss": 0.026556884306272687,
    "overflow": 0.008749957953884583
  },
  "azimuth": {
    "abs_skew": 1.0406640390935702,
    "exkurt": 4.8089851871369484,
    "gauss1d": 0.8699890694976036,
    "kde1d": 1.2777831749609245,
    "kde_minus_gauss": 0.4077941054633208,
    "overflow": 0.015076929681994875
  },
  "zenith": {
    "abs_skew": 0.8786602429656699,
    "exkurt": 26.85666041374149,
    "gauss1d": 3.117484363315633,
    "kde1d": 3.293754053469218,
    "kde_minus_gauss": 0.1762696901535843,
    "overflow": 0.0017829179742585865
  },
  "geocent_time": {
    "abs_skew": 1.2224846216547751,
    "exkurt": 4.436425253012201,
    "gauss1d": 1.9991189087621226,
    "kde1d": 2.9496207798975838,
    "kde_minus_gauss": 0.950501871135461,
    "overflow": 0.010866739505872561
  },
  "phase": {
    "abs_skew": 0.2853550597378331,
    "exkurt": -0.8604690510744704,
    "gauss1d": 0.078398557458435,
    "kde1d": 0.14076869742137915,
    "kde_minus_gauss": 0.06237013996294414,
    "overflow": 0.03909268543086567
  }
}